<?xml version="1.0" encoding="UTF-8"?>
<GenRun Id="hdmi_vga_clk_wiz_0_0_synth_1" LaunchPart="xc7z010clg400-1" LaunchTime="1711642811">
  <File Type="PA-TCL" Name="hdmi_vga_clk_wiz_0_0.tcl"/>
  <File Type="REPORTS-TCL" Name="hdmi_vga_clk_wiz_0_0_reports.tcl"/>
  <File Type="RDS-RDS" Name="hdmi_vga_clk_wiz_0_0.vds"/>
  <File Type="RDS-UTIL" Name="hdmi_vga_clk_wiz_0_0_utilization_synth.rpt"/>
  <File Type="RDS-UTIL-PB" Name="hdmi_vga_clk_wiz_0_0_utilization_synth.pb"/>
  <File Type="RDS-DCP" Name="hdmi_vga_clk_wiz_0_0.dcp"/>
  <FileSet Name="sources" Type="BlockSrcs" RelSrcDir="$PSRCDIR/hdmi_vga_clk_wiz_0_0" RelGenDir="$PGENDIR/hdmi_vga_clk_wiz_0_0">
    <File Path="$PSRCDIR/sources_1/bd/hdmi_vga/ip/hdmi_vga_clk_wiz_0_0/hdmi_vga_clk_wiz_0_0.xci">
      <FileInfo>
        <Attr Name="Library" Val="xil_defaultlib"/>
        <Attr Name="ImportPath" Val="$PPRDIR/../../../../../../../../Documents/studia/sem6/reconfigurable-systems/visual_track/hdmi_vga_zybo/hdmi_vga_zybo.srcs/sources_1/bd/hdmi_vga/ip/hdmi_vga_clk_wiz_0_0/hdmi_vga_clk_wiz_0_0.xci"/>
        <Attr Name="ImportTime" Val="1711630958"/>
        <Attr Name="UsedIn" Val="synthesis"/>
        <Attr Name="UsedIn" Val="implementation"/>
        <Attr Name="UsedIn" Val="simulation"/>
      </FileInfo>
    </File>
    <Config>
      <Option Name="TopModule" Val="hdmi_vga_clk_wiz_0_0"/>
      <Option Name="UseBlackboxStub" Val="1"/>
    </Config>
  </FileSet>
  <FileSet Name="constrs_in" Type="BlockSrcs" RelSrcDir="$PSRCDIR/hdmi_vga_clk_wiz_0_0" RelGenDir="$PGENDIR/hdmi_vga_clk_wiz_0_0">
    <File Path="$PSRCDIR/sources_1/bd/hdmi_vga/ip/hdmi_vga_clk_wiz_0_0/hdmi_vga_clk_wiz_0_0.xci">
      <FileInfo>
        <Attr Name="Library" Val="xil_defaultlib"/>
        <Attr Name="ImportPath" Val="$PPRDIR/../../../../../../../../Documents/studia/sem6/reconfigurable-systems/visual_track/hdmi_vga_zybo/hdmi_vga_zybo.srcs/sources_1/bd/hdmi_vga/ip/hdmi_vga_clk_wiz_0_0/hdmi_vga_clk_wiz_0_0.xci"/>
        <Attr Name="ImportTime" Val="1711630958"/>
        <Attr Name="UsedIn" Val="synthesis"/>
        <Attr Name="UsedIn" Val="implementation"/>
        <Attr Name="UsedIn" Val="simulation"/>
      </FileInfo>
    </File>
    <Config>
      <Option Name="TopModule" Val="hdmi_vga_clk_wiz_0_0"/>
      <Option Name="UseBlackboxStub" Val="1"/>
    </Config>
  </FileSet>
  <FileSet Name="utils" Type="Utils" RelSrcDir="$PSRCDIR/utils_1" RelGenDir="$PGENDIR/utils_1">
    <Filter Type="Utils"/>
    <Config>
      <Option Name="TopAutoSet" Val="TRUE"/>
    </Config>
  </FileSet>
  <Strategy Version="1" Minor="2">
    <StratHandle Name="Vivado Synthesis Defaults" Flow="Vivado Synthesis 2023"/>
    <Step Id="synth_design"/>
  </Strategy>
</GenRun>
