<?xml version="1.0" encoding="UTF-8"?>
<GenRun Id="synth_1" LaunchPart="xc7z010clg400-1" LaunchTime="1712684622" LaunchIncrCheckpoint="$PSRCDIR/utils_1/imports/synth_1/hdmi_vga_wrapper.dcp">
  <File Type="PA-TCL" Name="hdmi_vga_wrapper.tcl"/>
  <File Type="REPORTS-TCL" Name="hdmi_vga_wrapper_reports.tcl"/>
  <File Type="RDS-RDS" Name="hdmi_vga_wrapper.vds"/>
  <File Type="RDS-UTIL" Name="hdmi_vga_wrapper_utilization_synth.rpt"/>
  <File Type="RDS-UTIL-PB" Name="hdmi_vga_wrapper_utilization_synth.pb"/>
  <File Type="RDS-DCP" Name="hdmi_vga_wrapper.dcp"/>
  <FileSet Name="sources" Type="DesignSrcs" RelSrcDir="$PSRCDIR/sources_1" RelGenDir="$PGENDIR/sources_1">
    <Filter Type="Srcs"/>
    <File Path="$PSRCDIR/sources_1/new/vp.v">
      <FileInfo>
        <Attr Name="ImportPath" Val="$PPRDIR/../../../../../../../../Documents/studia/sem6/reconfigurable-systems/visual_track/hdmi_vga_zybo/hdmi_vga_zybo.srcs/sources_1/new/vp.v"/>
        <Attr Name="ImportTime" Val="1712684589"/>
        <Attr Name="UsedIn" Val="synthesis"/>
        <Attr Name="UsedIn" Val="implementation"/>
        <Attr Name="UsedIn" Val="simulation"/>
      </FileInfo>
    </File>
    <File Path="$PSRCDIR/sources_1/bd/hdmi_vga/hdmi_vga.bd">
      <FileInfo>
        <Attr Name="ImportPath" Val="$PPRDIR/../../../../../../../../Documents/studia/sem6/reconfigurable-systems/visual_track/hdmi_vga_zybo/hdmi_vga_zybo.srcs/sources_1/bd/hdmi_vga/hdmi_vga.bd"/>
        <Attr Name="ImportTime" Val="1712740881"/>
        <Attr Name="UsedIn" Val="synthesis"/>
        <Attr Name="UsedIn" Val="implementation"/>
        <Attr Name="UsedIn" Val="simulation"/>
      </FileInfo>
    </File>
    <File Path="$PGENDIR/sources_1/bd/hdmi_vga/hdl/hdmi_vga_wrapper.vhd">
      <FileInfo>
        <Attr Name="ImportPath" Val="$PPRDIR/../../../../../../../../Documents/studia/sem6/reconfigurable-systems/visual_track/hdmi_vga_zybo/hdmi_vga_zybo.gen/sources_1/bd/hdmi_vga/hdl/hdmi_vga_wrapper.vhd"/>
        <Attr Name="ImportTime" Val="1712684620"/>
        <Attr Name="UsedIn" Val="synthesis"/>
        <Attr Name="UsedIn" Val="simulation"/>
      </FileInfo>
    </File>
    <File Path="$PSRCDIR/sources_1/imports/hdmi_vga_zybo_src/lut.coe">
      <FileInfo>
        <Attr Name="ImportPath" Val="$PPRDIR/../../../../../../../../Documents/studia/sem6/hasiok/hdmi_vga_zybo_src/lut.coe"/>
        <Attr Name="ImportTime" Val="1712589792"/>
        <Attr Name="UsedIn" Val="synthesis"/>
        <Attr Name="UsedIn" Val="simulation"/>
      </FileInfo>
    </File>
    <File Path="$PSRCDIR/sources_1/imports/hdmi_vga_zybo_src/lut2.coe">
      <FileInfo>
        <Attr Name="ImportPath" Val="$PPRDIR/../../../../../../../../Documents/studia/sem6/hasiok/hdmi_vga_zybo_src/lut2.coe"/>
        <Attr Name="ImportTime" Val="1712591998"/>
        <Attr Name="UsedIn" Val="synthesis"/>
        <Attr Name="UsedIn" Val="simulation"/>
      </FileInfo>
    </File>
    <File Path="$PSRCDIR/sources_1/ip/LUT/LUT.xci">
      <FileInfo>
        <Attr Name="AutoDisabled" Val="1"/>
        <Attr Name="ImportPath" Val="$PPRDIR/../../../../../../../../Documents/studia/sem6/reconfigurable-systems/visual_track/hdmi_vga_zybo/hdmi_vga_zybo.srcs/sources_1/ip/LUT/LUT.xci"/>
        <Attr Name="ImportTime" Val="1712740880"/>
        <Attr Name="UsedIn" Val="synthesis"/>
        <Attr Name="UsedIn" Val="implementation"/>
        <Attr Name="UsedIn" Val="simulation"/>
      </FileInfo>
    </File>
    <Config>
      <Option Name="DesignMode" Val="RTL"/>
      <Option Name="TopModule" Val="hdmi_vga_wrapper"/>
    </Config>
  </FileSet>
  <FileSet Name="constrs_in" Type="Constrs" RelSrcDir="$PSRCDIR/constrs_1" RelGenDir="$PGENDIR/constrs_1">
    <Filter Type="Constrs"/>
    <File Path="$PSRCDIR/constrs_1/imports/hdmi_vga_zybo_src/Zybo_HDMI.xdc">
      <FileInfo>
        <Attr Name="ImportPath" Val="$PPRDIR/../../../../../../../../Documents/studia/sem6/SR_hasiok/tor_wizyjny/hdmi_vga_zybo_src/Zybo_HDMI.xdc"/>
        <Attr Name="ImportTime" Val="1711358770"/>
        <Attr Name="UsedIn" Val="synthesis"/>
        <Attr Name="UsedIn" Val="implementation"/>
      </FileInfo>
    </File>
    <Config>
      <Option Name="ConstrsType" Val="XDC"/>
    </Config>
  </FileSet>
  <FileSet Name="utils" Type="Utils" RelSrcDir="$PSRCDIR/utils_1" RelGenDir="$PGENDIR/utils_1">
    <Filter Type="Utils"/>
    <File Path="$PSRCDIR/utils_1/imports/synth_1/hdmi_vga_wrapper.dcp">
      <FileInfo>
        <Attr Name="ImportPath" Val="$PPRDIR/../../../../../../../../Documents/studia/sem6/reconfigurable-systems/visual_track/hdmi_vga_zybo/hdmi_vga_zybo.srcs/utils_1/imports/synth_1/hdmi_vga_wrapper.dcp"/>
        <Attr Name="ImportTime" Val="1712684295"/>
        <Attr Name="UsedIn" Val="synthesis"/>
        <Attr Name="UsedIn" Val="implementation"/>
        <Attr Name="UsedInSteps" Val="synth_1"/>
        <Attr Name="AutoDcp" Val="1"/>
      </FileInfo>
    </File>
    <Config>
      <Option Name="TopAutoSet" Val="TRUE"/>
    </Config>
  </FileSet>
  <Strategy Version="1" Minor="2">
    <StratHandle Name="Vivado Synthesis Defaults" Flow="Vivado Synthesis 2023"/>
    <Step Id="synth_design"/>
  </Strategy>
  <BlockFileSet Type="BlockSrcs" Name="hdmi_vga_dvi2rgb_0_0"/>
  <BlockFileSet Type="BlockSrcs" Name="hdmi_vga_clk_wiz_0_0"/>
  <BlockFileSet Type="BlockSrcs" Name="hdmi_vga_rgb2vga_0_0"/>
  <BlockFileSet Type="BlockSrcs" Name="hdmi_vga_vp_0_0"/>
</GenRun>
