<?xml version="1.0" encoding="UTF-8"?>
<GenRun Id="impl_1" LaunchPart="xc7z010clg400-1" LaunchTime="1712684622">
  <File Type="ROUTE-PWR" Name="hdmi_vga_wrapper_power_routed.rpt"/>
  <File Type="PA-TCL" Name="hdmi_vga_wrapper.tcl"/>
  <File Type="ROUTE-PWR-SUM" Name="hdmi_vga_wrapper_power_summary_routed.pb"/>
  <File Type="REPORTS-TCL" Name="hdmi_vga_wrapper_reports.tcl"/>
  <File Type="BITSTR-MSK" Name="hdmi_vga_wrapper.msk"/>
  <File Type="ROUTE-CLK" Name="hdmi_vga_wrapper_clock_utilization_routed.rpt"/>
  <File Type="RDI-RDI" Name="hdmi_vga_wrapper.vdi"/>
  <File Type="POSTROUTE-PHYSOPT-BUS-SKEW-PB" Name="hdmi_vga_wrapper_bus_skew_postroute_physopted.pb"/>
  <File Type="BG-BIT" Name="hdmi_vga_wrapper.bit"/>
  <File Type="BG-DRC" Name="hdmi_vga_wrapper.drc"/>
  <File Type="BG-BGN" Name="hdmi_vga_wrapper.bgn"/>
  <File Type="BG-BIN" Name="hdmi_vga_wrapper.bin"/>
  <File Type="BITSTR-RBT" Name="hdmi_vga_wrapper.rbt"/>
  <File Type="BITSTR-NKY" Name="hdmi_vga_wrapper.nky"/>
  <File Type="BITSTR-BMM" Name="hdmi_vga_wrapper_bd.bmm"/>
  <File Type="BITSTR-MMI" Name="hdmi_vga_wrapper.mmi"/>
  <File Type="ROUTE-METHODOLOGY-DRC" Name="hdmi_vga_wrapper_methodology_drc_routed.rpt"/>
  <File Type="BITSTR-SYSDEF" Name="hdmi_vga_wrapper.sysdef"/>
  <File Type="BITSTR-LTX" Name="debug_nets.ltx"/>
  <File Type="BITSTR-LTX" Name="hdmi_vga_wrapper.ltx"/>
  <File Type="WBT-USG" Name="usage_statistics_webtalk.html"/>
  <File Type="OPT-DRC" Name="hdmi_vga_wrapper_drc_opted.rpt"/>
  <File Type="OPT-HWDEF" Name="hdmi_vga_wrapper.hwdef"/>
  <File Type="PLACE-IO" Name="hdmi_vga_wrapper_io_placed.rpt"/>
  <File Type="PLACE-UTIL" Name="hdmi_vga_wrapper_utilization_placed.rpt"/>
  <File Type="PLACE-UTIL-PB" Name="hdmi_vga_wrapper_utilization_placed.pb"/>
  <File Type="PLACE-CTRL" Name="hdmi_vga_wrapper_control_sets_placed.rpt"/>
  <File Type="PLACE-PRE-SIMILARITY" Name="hdmi_vga_wrapper_incremental_reuse_pre_placed.rpt"/>
  <File Type="ROUTE-DRC" Name="hdmi_vga_wrapper_drc_routed.rpt"/>
  <File Type="ROUTE-DRC-PB" Name="hdmi_vga_wrapper_drc_routed.pb"/>
  <File Type="ROUTE-PWR-RPX" Name="hdmi_vga_wrapper_power_routed.rpx"/>
  <File Type="ROUTE-STATUS" Name="hdmi_vga_wrapper_route_status.rpt"/>
  <File Type="ROUTE-STATUS-PB" Name="hdmi_vga_wrapper_route_status.pb"/>
  <File Type="ROUTE-DCP" Name="hdmi_vga_wrapper_routed.dcp"/>
  <File Type="ROUTE-ERROR-DCP" Name="hdmi_vga_wrapper_routed_error.dcp"/>
  <File Type="ROUTE-BLACKBOX-DCP" Name="hdmi_vga_wrapper_routed_bb.dcp"/>
  <File Type="ROUTE-TIMINGSUMMARY" Name="hdmi_vga_wrapper_timing_summary_routed.rpt"/>
  <File Type="ROUTE-TIMING-PB" Name="hdmi_vga_wrapper_timing_summary_routed.pb"/>
  <File Type="ROUTE-TIMING-RPX" Name="hdmi_vga_wrapper_timing_summary_routed.rpx"/>
  <File Type="ROUTE-SIMILARITY" Name="hdmi_vga_wrapper_incremental_reuse_routed.rpt"/>
  <File Type="ROUTE-BUS-SKEW" Name="hdmi_vga_wrapper_bus_skew_routed.rpt"/>
  <File Type="ROUTE-BUS-SKEW-PB" Name="hdmi_vga_wrapper_bus_skew_routed.pb"/>
  <File Type="ROUTE-BUS-SKEW-RPX" Name="hdmi_vga_wrapper_bus_skew_routed.rpx"/>
  <File Type="OPT-DCP" Name="hdmi_vga_wrapper_opt.dcp"/>
  <File Type="PLACE-DCP" Name="hdmi_vga_wrapper_placed.dcp"/>
  <File Type="PWROPT-DCP" Name="hdmi_vga_wrapper_pwropt.dcp"/>
  <File Type="POSTPLACE-PWROPT-DCP" Name="hdmi_vga_wrapper_postplace_pwropt.dcp"/>
  <File Type="PHYSOPT-DCP" Name="hdmi_vga_wrapper_physopt.dcp"/>
  <File Type="POSTROUTE-PHYSOPT-DCP" Name="hdmi_vga_wrapper_postroute_physopt.dcp"/>
  <File Type="POSTROUTE-PHYSOPT-BLACKBOX-DCP" Name="hdmi_vga_wrapper_postroute_physopt_bb.dcp"/>
  <File Type="POSTROUTE-PHYSOPT-TIMING" Name="hdmi_vga_wrapper_timing_summary_postroute_physopted.rpt"/>
  <File Type="POSTROUTE-PHYSOPT-TIMING-PB" Name="hdmi_vga_wrapper_timing_summary_postroute_physopted.pb"/>
  <File Type="POSTROUTE-PHYSOPT-TIMING-RPX" Name="hdmi_vga_wrapper_timing_summary_postroute_physopted.rpx"/>
  <File Type="POSTROUTE-PHYSOPT-BUS-SKEW" Name="hdmi_vga_wrapper_bus_skew_postroute_physopted.rpt"/>
  <File Type="POSTROUTE-PHYSOPT-BUS-SKEW-RPX" Name="hdmi_vga_wrapper_bus_skew_postroute_physopted.rpx"/>
  <File Type="ROUTE-METHODOLOGY-DRC-PB" Name="hdmi_vga_wrapper_methodology_drc_routed.pb"/>
  <File Type="ROUTE-DRC-RPX" Name="hdmi_vga_wrapper_drc_routed.rpx"/>
  <File Type="ROUTE-METHODOLOGY-DRC-RPX" Name="hdmi_vga_wrapper_methodology_drc_routed.rpx"/>
  <File Type="PDI-FILE" Name="hdmi_vga_wrapper.pdi"/>
  <File Type="BOOT-PDI-FILE" Name="hdmi_vga_wrapper_boot.pdi"/>
  <File Type="PL-PDI-FILE" Name="hdmi_vga_wrapper_pld.pdi"/>
  <File Type="RCFI_FILE" Name="hdmi_vga_wrapper.rcfi"/>
  <File Type="CFI_FILE" Name="hdmi_vga_wrapper.cfi"/>
  <File Type="RNPI_FILE" Name="hdmi_vga_wrapper.rnpi"/>
  <File Type="NPI_FILE" Name="hdmi_vga_wrapper.npi"/>
  <File Type="RBD_FILE" Name="hdmi_vga_wrapper.rbd"/>
  <File Type="ROUTE-RQS" Name="hdmi_vga_wrapper_routed.rqs"/>
  <File Type="POSTROUTE-PHYSOPT-RQS" Name="hdmi_vga_wrapper_postroute_physopted.rqs"/>
  <File Type="ROUTE-RQS-RPT" Name="route_report_qor_suggestions_0.rpt"/>
  <File Type="POSTROUTE-PHYSOPT-RQS-RPT" Name="postroute_physopt_report_qor_suggestions_0.rpt"/>
  <FileSet Name="sources" Type="DesignSrcs" RelSrcDir="$PSRCDIR/sources_1" RelGenDir="$PGENDIR/sources_1">
    <Filter Type="Srcs"/>
    <File Path="$PSRCDIR/sources_1/new/vp.v">
      <FileInfo>
        <Attr Name="ImportPath" Val="$PPRDIR/../../../../../../../../Documents/studia/sem6/reconfigurable-systems/visual_track/hdmi_vga_zybo/hdmi_vga_zybo.srcs/sources_1/new/vp.v"/>
        <Attr Name="ImportTime" Val="1712684589"/>
        <Attr Name="UsedIn" Val="synthesis"/>
        <Attr Name="UsedIn" Val="implementation"/>
        <Attr Name="UsedIn" Val="simulation"/>
      </FileInfo>
    </File>
    <File Path="$PSRCDIR/sources_1/bd/hdmi_vga/hdmi_vga.bd">
      <FileInfo>
        <Attr Name="ImportPath" Val="$PPRDIR/../../../../../../../../Documents/studia/sem6/reconfigurable-systems/visual_track/hdmi_vga_zybo/hdmi_vga_zybo.srcs/sources_1/bd/hdmi_vga/hdmi_vga.bd"/>
        <Attr Name="ImportTime" Val="1712740881"/>
        <Attr Name="UsedIn" Val="synthesis"/>
        <Attr Name="UsedIn" Val="implementation"/>
        <Attr Name="UsedIn" Val="simulation"/>
      </FileInfo>
    </File>
    <File Path="$PGENDIR/sources_1/bd/hdmi_vga/hdl/hdmi_vga_wrapper.vhd">
      <FileInfo>
        <Attr Name="ImportPath" Val="$PPRDIR/../../../../../../../../Documents/studia/sem6/reconfigurable-systems/visual_track/hdmi_vga_zybo/hdmi_vga_zybo.gen/sources_1/bd/hdmi_vga/hdl/hdmi_vga_wrapper.vhd"/>
        <Attr Name="ImportTime" Val="1712684620"/>
        <Attr Name="UsedIn" Val="synthesis"/>
        <Attr Name="UsedIn" Val="simulation"/>
      </FileInfo>
    </File>
    <File Path="$PSRCDIR/sources_1/imports/hdmi_vga_zybo_src/lut.coe">
      <FileInfo>
        <Attr Name="ImportPath" Val="$PPRDIR/../../../../../../../../Documents/studia/sem6/hasiok/hdmi_vga_zybo_src/lut.coe"/>
        <Attr Name="ImportTime" Val="1712589792"/>
        <Attr Name="UsedIn" Val="synthesis"/>
        <Attr Name="UsedIn" Val="simulation"/>
      </FileInfo>
    </File>
    <File Path="$PSRCDIR/sources_1/imports/hdmi_vga_zybo_src/lut2.coe">
      <FileInfo>
        <Attr Name="ImportPath" Val="$PPRDIR/../../../../../../../../Documents/studia/sem6/hasiok/hdmi_vga_zybo_src/lut2.coe"/>
        <Attr Name="ImportTime" Val="1712591998"/>
        <Attr Name="UsedIn" Val="synthesis"/>
        <Attr Name="UsedIn" Val="simulation"/>
      </FileInfo>
    </File>
    <File Path="$PSRCDIR/sources_1/ip/LUT/LUT.xci">
      <FileInfo>
        <Attr Name="AutoDisabled" Val="1"/>
        <Attr Name="ImportPath" Val="$PPRDIR/../../../../../../../../Documents/studia/sem6/reconfigurable-systems/visual_track/hdmi_vga_zybo/hdmi_vga_zybo.srcs/sources_1/ip/LUT/LUT.xci"/>
        <Attr Name="ImportTime" Val="1712740880"/>
        <Attr Name="UsedIn" Val="synthesis"/>
        <Attr Name="UsedIn" Val="implementation"/>
        <Attr Name="UsedIn" Val="simulation"/>
      </FileInfo>
    </File>
    <Config>
      <Option Name="DesignMode" Val="RTL"/>
      <Option Name="TopModule" Val="hdmi_vga_wrapper"/>
    </Config>
  </FileSet>
  <FileSet Name="constrs_in" Type="Constrs" RelSrcDir="$PSRCDIR/constrs_1" RelGenDir="$PGENDIR/constrs_1">
    <Filter Type="Constrs"/>
    <File Path="$PSRCDIR/constrs_1/imports/hdmi_vga_zybo_src/Zybo_HDMI.xdc">
      <FileInfo>
        <Attr Name="ImportPath" Val="$PPRDIR/../../../../../../../../Documents/studia/sem6/SR_hasiok/tor_wizyjny/hdmi_vga_zybo_src/Zybo_HDMI.xdc"/>
        <Attr Name="ImportTime" Val="1711358770"/>
        <Attr Name="UsedIn" Val="synthesis"/>
        <Attr Name="UsedIn" Val="implementation"/>
      </FileInfo>
    </File>
    <Config>
      <Option Name="ConstrsType" Val="XDC"/>
    </Config>
  </FileSet>
  <FileSet Name="utils" Type="Utils" RelSrcDir="$PSRCDIR/utils_1" RelGenDir="$PGENDIR/utils_1">
    <Filter Type="Utils"/>
    <File Path="$PSRCDIR/utils_1/imports/synth_1/hdmi_vga_wrapper.dcp">
      <FileInfo>
        <Attr Name="ImportPath" Val="$PPRDIR/../../../../../../../../Documents/studia/sem6/reconfigurable-systems/visual_track/hdmi_vga_zybo/hdmi_vga_zybo.srcs/utils_1/imports/synth_1/hdmi_vga_wrapper.dcp"/>
        <Attr Name="ImportTime" Val="1712684295"/>
        <Attr Name="UsedIn" Val="synthesis"/>
        <Attr Name="UsedIn" Val="implementation"/>
        <Attr Name="UsedInSteps" Val="synth_1"/>
        <Attr Name="AutoDcp" Val="1"/>
      </FileInfo>
    </File>
    <Config>
      <Option Name="TopAutoSet" Val="TRUE"/>
    </Config>
  </FileSet>
  <Strategy Version="1" Minor="2">
    <StratHandle Name="Vivado Implementation Defaults" Flow="Vivado Implementation 2023"/>
    <Step Id="init_design"/>
    <Step Id="opt_design"/>
    <Step Id="power_opt_design"/>
    <Step Id="place_design"/>
    <Step Id="post_place_power_opt_design"/>
    <Step Id="phys_opt_design"/>
    <Step Id="route_design"/>
    <Step Id="post_route_phys_opt_design"/>
    <Step Id="write_bitstream"/>
    <Step Id="write_device_image"/>
  </Strategy>
  <BlockFileSet Type="BlockSrcs" Name="hdmi_vga_dvi2rgb_0_0"/>
  <BlockFileSet Type="BlockSrcs" Name="hdmi_vga_clk_wiz_0_0"/>
  <BlockFileSet Type="BlockSrcs" Name="hdmi_vga_rgb2vga_0_0"/>
  <BlockFileSet Type="BlockSrcs" Name="hdmi_vga_vp_0_0"/>
</GenRun>
